"PLAYER (TEAM, POSITION)",REST,OPP (ET),DVP,SPREAD,O/U,"PRED
SCORE","PROJ
RANK","$
RANK","RANK
DIFF","PROJ
PTS",SALARY,CPP
Cade Cunningham (DET - PG),2,@WAS (Tue 7:00PM),25th,DET -17.5,233.5,125.5,1,1,0,54.0,"$11,300",$209
"Giannis Antetokounmpo (MIL - PF)
DTD",2,CLE (Tue 8:00PM),25th,-CLE 10.5,228.5,109,1,4,3,53.8,"$10,800",$201
Shai Gilgeous-Alexander (OKC - PG),2,@ORL (Tue 7:00PM),16th,OKC -9.5,223,116.5,2,3,1,51.2,"$11,000",$215
Devin Booker (PHO - PG/SG),1,@MIN (Tue 8:00PM),24th,MIN -4,221.5,109,3,15,12,43.8,"$8,700",$199
Donovan Mitchell (CLE - SG),2,@MIL (Tue 8:00PM),24th,-CLE 10.5,228.5,119.5,1,6,5,43.6,"$9,800",$225
LaMelo Ball (CHA - PG),3,MIA (Tue 7:00PM),23rd,CHA -4,233.5,119,4,16,12,43.5,"$8,600",$198
Karl-Anthony Towns (NYK - C),2,IND (Tue 7:30PM),23rd,NYK -15.5,223.5,119.5,3,12,9,43.2,"$9,000",$208
James Harden (CLE - PG),2,@MIL (Tue 8:00PM),26th,-CLE 10.5,228.5,119.5,5,10,5,43.0,"$9,300",$216
"Jalen Brunson (NYK - PG)
DTD",2,IND (Tue 7:30PM),28th,NYK -15.5,223.5,119.5,7,9,2,41.8,"$9,500",$227
Jalen Duren (DET - C),2,@WAS (Tue 7:00PM),30th,DET -17.5,233.5,125.5,4,20,16,41.3,"$8,300",$201
Paolo Banchero (ORL - PF),1,OKC (Tue 7:00PM),11th,OKC -9.5,223,107,2,7,5,40.4,"$9,600",$237
Bam Adebayo (MIA - C),3,@CHA (Tue 7:00PM),4th,CHA -4,233.5,115,5,13,8,40.3,"$8,900",$221
Julius Randle (MIN - PF),2,PHO (Tue 8:00PM),13th,MIN -4,221.5,113,3,30,27,39.3,"$7,700",$196
Brandon Miller (CHA - SF),3,MIA (Tue 7:00PM),18th,CHA -4,233.5,119,1,24,23,37.9,"$8,000",$211
"Trae Young (WAS - PG)
DTD",1,DET (Tue 7:00PM),3rd,DET -17.5,233.5,108,8,33,25,37.4,"$7,500",$201
"Pascal Siakam (IND - PF)
DTD",9,@NYK (Tue 7:30PM),2nd,NYK -15.5,223.5,104,4,22,18,36.7,"$8,100",$221
Evan Mobley (CLE - PF/C),2,@MIL (Tue 8:00PM),26th,-CLE 10.5,228.5,119.5,5,14,9,36.6,"$8,800",$240
"Kevin Porter Jr. (MIL - PG)
DTD",3,CLE (Tue 8:00PM),11th,-CLE 10.5,228.5,109,9,28,19,36.1,"$7,800",$216
Chet Holmgren (OKC - PF),2,@ORL (Tue 7:00PM),6th,OKC -9.5,223,116.5,6,18,12,36.0,"$8,500",$236
Kon Knueppel (CHA - SG),3,MIA (Tue 7:00PM),20th,CHA -4,233.5,119,2,37,35,35.6,"$7,200",$202
"Tyler Herro (MIA - PG/SG)
DTD",3,@CHA (Tue 7:00PM),6th,CHA -4,233.5,115,10,26,16,35.1,"$7,900",$225
Jalen Green (PHO - SG/SF),1,@MIN (Tue 8:00PM),6th,MIN -4,221.5,109,3,43,40,35.0,"$6,900",$197
Miles Bridges (CHA - PF),3,MIA (Tue 7:00PM),29th,CHA -4,233.5,119,7,59,52,34.2,"$6,200",$181
Desmond Bane (ORL - SG/SF),1,OKC (Tue 7:00PM),11th,OKC -9.5,223,107,5,27,22,33.3,"$7,800",$234
Rudy Gobert (MIN - C),2,PHO (Tue 8:00PM),14th,MIN -4,221.5,113,6,51,45,33.2,"$6,600",$199
Ryan Rollins (MIL - PG),2,CLE (Tue 8:00PM),11th,-CLE 10.5,228.5,109,12,19,7,33.0,"$8,400",$255
"Norman Powell (MIA - SG/SF)
DTD",3,@CHA (Tue 7:00PM),12th,CHA -4,233.5,115,6,50,44,32.9,"$6,600",$201
Josh Hart (NYK - SG/SF),2,IND (Tue 7:30PM),17th,NYK -15.5,223.5,119.5,8,57,49,31.7,"$6,300",$199
OG Anunoby (NYK - PF),2,IND (Tue 7:30PM),28th,NYK -15.5,223.5,119.5,8,45,37,30.6,"$6,800",$222
Mikal Bridges (NYK - SF),2,IND (Tue 7:30PM),15th,NYK -15.5,223.5,119.5,2,64,62,30.0,"$6,000",$200
Ayo Dosunmu (MIN - SG/SF),2,PHO (Tue 8:00PM),2nd,MIN -4,221.5,113,9,104,95,29.9,"$4,700",$157
Collin Gillespie (PHO - PG),1,@MIN (Tue 8:00PM),24th,MIN -4,221.5,109,14,62,48,29.9,"$6,100",$204
Ausar Thompson (DET - SF),2,@WAS (Tue 7:00PM),29th,DET -17.5,233.5,125.5,3,68,65,29.5,"$5,800",$196
Isaiah Hartenstein (OKC - C),2,@ORL (Tue 7:00PM),10th,OKC -9.5,223,116.5,7,65,58,29.3,"$6,000",$205
Grayson Allen (PHO - SG/SF),1,@MIN (Tue 8:00PM),6th,MIN -4,221.5,109,10,48,38,29.2,"$6,700",$229
Jalen Suggs (ORL - PG),1,OKC (Tue 7:00PM),1st,OKC -9.5,223,107,15,40,25,28.5,"$7,100",$249
"Andrew Nembhard (IND - PG)
DTD",4,@NYK (Tue 7:30PM),2nd,NYK -15.5,223.5,104,16,58,42,28.2,"$6,200",$220
Donte DiVincenzo (MIN - PG),2,PHO (Tue 8:00PM),4th,MIN -4,221.5,113,17,71,54,28.1,"$5,700",$203
Tobias Harris (DET - PF),2,@WAS (Tue 7:00PM),30th,DET -17.5,233.5,125.5,10,74,64,27.9,"$5,600",$201
"Naz Reid (MIN - PF/C)
DTD",2,PHO (Tue 8:00PM),13th,MIN -4,221.5,113,11,76,65,27.5,"$5,500",$200
Jaime Jaquez Jr. (MIA - SF),3,@CHA (Tue 7:00PM),7th,CHA -4,233.5,115,5,56,51,27.4,"$6,400",$234
Jaden McDaniels (MIN - SF),2,PHO (Tue 8:00PM),13th,MIN -4,221.5,113,6,82,76,27.3,"$5,300",$194
"Alex Sarr (WAS - C)
DTD",3,DET (Tue 7:00PM),7th,DET -17.5,233.5,108,9,47,38,26.8,"$6,700",$250
Ajay Mitchell (OKC - PG),2,@ORL (Tue 7:00PM),16th,OKC -9.5,223,116.5,18,91,73,26.8,"$5,000",$187
"Ivica Zubac (IND - C)
DTD",2,@NYK (Tue 7:30PM),2nd,NYK -15.5,223.5,104,10,61,51,26.5,"$6,100",$230
"Cam Thomas (MIL - PG/SG)
DTD",3,CLE (Tue 8:00PM),11th,-CLE 10.5,228.5,109,19,136,117,26.4,"$3,900",$148
Bobby Portis Jr. (MIL - PF/C),2,CLE (Tue 8:00PM),25th,-CLE 10.5,228.5,109,12,70,58,26.2,"$5,700",$218
"Jarace Walker (IND - SF)
DTD",2,@NYK (Tue 7:30PM),11th,NYK -15.5,223.5,104,8,38,30,26.0,"$7,100",$274
Wendell Carter Jr. (ORL - C),1,OKC (Tue 7:00PM),6th,OKC -9.5,223,107,11,77,66,25.8,"$5,500",$213
"Jaylon Tyson (CLE - SF/PF)
DTD",4,@MIL (Tue 8:00PM),19th,-CLE 10.5,228.5,119.5,9,99,90,25.7,"$4,900",$191
Kel'el Ware (MIA - C),3,@CHA (Tue 7:00PM),4th,CHA -4,233.5,115,12,67,55,25.7,"$5,900",$229
"Kyle Kuzma (MIL - SF/PF)
DTD",2,CLE (Tue 8:00PM),10th,-CLE 10.5,228.5,109,10,84,74,24.9,"$5,200",$209
"Myles Turner (MIL - C)
DTD",2,CLE (Tue 8:00PM),13th,-CLE 10.5,228.5,109,13,94,81,24.6,"$5,000",$203
Moussa Diabate (CHA - C),3,MIA (Tue 7:00PM),16th,CHA -4,233.5,119,14,69,55,24.1,"$5,800",$240
Royce O'Neale (PHO - PF),1,@MIN (Tue 8:00PM),4th,MIN -4,221.5,109,13,86,73,23.9,"$5,200",$217
Bilal Coulibaly (WAS - SF/PF),1,DET (Tue 7:00PM),6th,DET -17.5,233.5,108,12,92,80,23.7,"$5,000",$211
Will Riley (WAS - SF/PF),1,DET (Tue 7:00PM),6th,DET -17.5,233.5,108,13,90,77,23.5,"$5,100",$217
Kevin Huerter (DET - SG/SF),2,@WAS (Tue 7:00PM),28th,DET -17.5,233.5,125.5,14,183,169,22.7,"$3,300",$146
Duncan Robinson (DET - SG),2,@WAS (Tue 7:00PM),28th,DET -17.5,233.5,125.5,13,130,117,22.7,"$4,100",$180
Davion Mitchell (MIA - PG),3,@CHA (Tue 7:00PM),6th,CHA -4,233.5,115,21,98,77,22.6,"$4,900",$217
Tristan da Silva (ORL - SF/PF),1,OKC (Tue 7:00PM),2nd,OKC -9.5,223,107,15,88,73,22.6,"$5,100",$226
"Aaron Nesmith (IND - SG)
DTD",2,@NYK (Tue 7:30PM),13th,NYK -15.5,223.5,104,15,73,58,21.9,"$5,600",$255
"Coby White (CHA - PG/SG)
DTD",3,MIA (Tue 7:00PM),23rd,CHA -4,233.5,119,23,100,77,21.8,"$4,800",$220
Mitchell Robinson (NYK - C),2,IND (Tue 7:30PM),23rd,NYK -15.5,223.5,119.5,15,112,97,21.6,"$4,500",$208
"Obi Toppin (IND - PF/C)
DTD",2,@NYK (Tue 7:30PM),2nd,NYK -15.5,223.5,104,15,140,125,21.2,"$3,900",$184
Cason Wallace (OKC - SG/SF),2,@ORL (Tue 7:00PM),7th,OKC -9.5,223,116.5,17,95,78,21.2,"$4,900",$231
Bub Carrington (WAS - PG/SG),1,DET (Tue 7:00PM),3rd,DET -17.5,233.5,108,24,105,81,21.2,"$4,700",$222
"Pelle Larsson (MIA - SG/SF)
DTD",3,@CHA (Tue 7:00PM),12th,CHA -4,233.5,115,18,79,61,21.1,"$5,400",$256
"Jordan Goodwin (PHO - PG/SG)
DTD",1,@MIN (Tue 8:00PM),24th,MIN -4,221.5,109,25,107,82,21.0,"$4,700",$224
Caris LeVert (DET - PG/SG),2,@WAS (Tue 7:00PM),25th,DET -17.5,233.5,125.5,26,166,140,20.5,"$3,500",$171
"Jay Huff (IND - C)
DTD",2,@NYK (Tue 7:30PM),2nd,NYK -15.5,223.5,104,16,78,62,20.0,"$5,400",$270
Ronald Holland II (DET - PF),2,@WAS (Tue 7:00PM),30th,DET -17.5,233.5,125.5,17,151,134,19.7,"$3,700",$188
Aaron Wiggins (OKC - SF/PF),2,@ORL (Tue 7:00PM),21st,OKC -9.5,223,116.5,16,128,112,19.0,"$4,100",$215
Isaiah Joe (OKC - SG),2,@ORL (Tue 7:00PM),7th,OKC -9.5,223,116.5,19,103,84,18.9,"$4,800",$254
Jaylin Williams (OKC - PF/C),2,@ORL (Tue 7:00PM),6th,OKC -9.5,223,116.5,19,66,47,18.9,"$5,900",$312
Luguentz Dort (OKC - SG),2,@ORL (Tue 7:00PM),7th,OKC -9.5,223,116.5,20,132,112,18.7,"$4,000",$214
"T.J. McConnell (IND - PG)
DTD",2,@NYK (Tue 7:30PM),2nd,NYK -15.5,223.5,104,27,121,94,18.3,"$4,300",$234
Tre Johnson (WAS - PG/SG),1,DET (Tue 7:00PM),3rd,DET -17.5,233.5,108,28,110,82,18.2,"$4,600",$253
Daniss Jenkins (DET - PG),4,@WAS (Tue 7:00PM),25th,DET -17.5,233.5,125.5,29,282,253,18.1,"$3,000",$165
Jose Alvarado (NYK - PG),2,IND (Tue 7:30PM),28th,NYK -15.5,223.5,119.5,31,190,159,18.0,"$3,200",$178
"Sam Merrill (CLE - SG)
DTD",6,@MIL (Tue 8:00PM),24th,-CLE 10.5,228.5,119.5,21,111,90,17.8,"$4,600",$258
"Nikola Jovic (MIA - PF/C)
DTD",25,@CHA (Tue 7:00PM),14th,CHA -4,233.5,115,21,184,163,17.6,"$3,300",$188
Landry Shamet (NYK - SG),2,IND (Tue 7:30PM),17th,NYK -15.5,223.5,119.5,23,148,125,17.2,"$3,700",$215
Max Strus (CLE - SG/SF),2,@MIL (Tue 8:00PM),24th,-CLE 10.5,228.5,119.5,24,83,59,17.0,"$5,300",$312
Oso Ighodaro (PHO - C),1,@MIN (Tue 8:00PM),12th,MIN -4,221.5,109,20,89,69,17.0,"$5,100",$300
Alex Caruso (OKC - SF),2,@ORL (Tue 7:00PM),21st,OKC -9.5,223,116.5,17,141,124,16.8,"$3,800",$226
"AJ Green (MIL - PG/SG)
DTD",2,CLE (Tue 8:00PM),11th,-CLE 10.5,228.5,109,32,144,112,16.8,"$3,800",$226
Goga Bitadze (ORL - C),1,OKC (Tue 7:00PM),6th,OKC -9.5,223,107,21,131,110,16.7,"$4,000",$240
Justin Champagnie (WAS - PF),3,DET (Tue 7:00PM),9th,DET -17.5,233.5,108,22,116,94,16.6,"$4,500",$271
Javonte Green (DET - SF/PF),2,@WAS (Tue 7:00PM),29th,DET -17.5,233.5,125.5,18,158,140,16.5,"$3,600",$218
"Ryan Kalkbrenner (CHA - C)
DTD",3,MIA (Tue 7:00PM),16th,CHA -4,233.5,119,22,177,155,16.4,"$3,300",$202
Kyle Anderson (MIN - PF/C),2,PHO (Tue 8:00PM),13th,MIN -4,221.5,113,23,163,140,16.3,"$3,500",$215
Dean Wade (CLE - SF),2,@MIL (Tue 8:00PM),19th,-CLE 10.5,228.5,119.5,19,154,135,16.3,"$3,600",$221
"Dru Smith (MIA - PG)
DTD",5,@CHA (Tue 7:00PM),6th,CHA -4,233.5,115,33,191,158,16.2,"$3,200",$198
Grant Williams (CHA - PF),3,MIA (Tue 7:00PM),29th,CHA -4,233.5,119,24,142,118,16.0,"$3,800",$237
Jordan Clarkson (NYK - SG/SF),2,IND (Tue 7:30PM),17th,NYK -15.5,223.5,119.5,25,162,137,15.9,"$3,500",$220
Simone Fontecchio (MIA - PF),5,@CHA (Tue 7:00PM),14th,CHA -4,233.5,115,25,194,169,15.7,"$3,100",$197
Jared McCain (OKC - PG/SG),2,@ORL (Tue 7:00PM),16th,OKC -9.5,223,116.5,34,149,115,15.6,"$3,700",$237
"Ryan Dunn (PHO - SF/PF)
DTD",5,@MIN (Tue 8:00PM),17th,MIN -4,221.5,109,20,179,159,15.6,"$3,300",$212
Tre Mann (CHA - PG/SG),9,MIA (Tue 7:00PM),23rd,CHA -4,233.5,119,35,240,205,15.4,"$3,000",$195
Dennis Schroder (CLE - PG),2,@MIL (Tue 8:00PM),26th,-CLE 10.5,228.5,119.5,36,125,89,15.3,"$4,200",$275
Sion James (CHA - SF/PF),3,MIA (Tue 7:00PM),18th,CHA -4,233.5,119,21,160,139,15.1,"$3,500",$232
"Quenton Jackson (IND - PG/SG)
DTD",2,@NYK (Tue 7:30PM),2nd,NYK -15.5,223.5,104,37,152,115,15.0,"$3,700",$247
"Tidjane Salaun (CHA - PF)
DTD",14,MIA (Tue 7:00PM),29th,CHA -4,233.5,119,26,221,195,14.5,"$3,000",$206
Jeremy Sochan (NYK - SF/PF),6,IND (Tue 7:30PM),15th,NYK -15.5,223.5,119.5,22,234,212,14.4,"$3,000",$208
"Gary Trent Jr. (MIL - SG/SF)
DTD",3,CLE (Tue 8:00PM),18th,-CLE 10.5,228.5,109,26,245,219,14.3,"$3,000",$210
"Taurean Prince (MIL - SF)
DTD",2,CLE (Tue 8:00PM),10th,-CLE 10.5,228.5,109,23,133,110,14.2,"$4,000",$281
"Ben Sheppard (IND - SG/SF)
DTD",4,@NYK (Tue 7:30PM),13th,NYK -15.5,223.5,104,27,169,142,14.0,"$3,500",$250
Bones Hyland (MIN - PG/SG),2,PHO (Tue 8:00PM),4th,MIN -4,221.5,113,38,157,119,13.9,"$3,600",$258
Keon Ellis (CLE - SF/PF),2,@MIL (Tue 8:00PM),19th,-CLE 10.5,228.5,119.5,24,108,84,13.7,"$4,600",$336
Larry Nance Jr. (CLE - PF/C),4,@MIL (Tue 8:00PM),26th,-CLE 10.5,228.5,119.5,28,246,218,13.1,"$3,000",$230
Tristan Vukcevic (WAS - C),1,DET (Tue 7:00PM),7th,DET -17.5,233.5,108,23,97,74,12.6,"$4,900",$388
Marcus Sasser (DET - PG/SG),2,@WAS (Tue 7:00PM),25th,DET -17.5,233.5,125.5,40,175,135,12.5,"$3,400",$271
"D'Angelo Russell (WAS - PG)
DTD",66,DET (Tue 7:00PM),3rd,DET -17.5,233.5,108,41,248,207,12.4,"$3,000",$241
Noah Penda (ORL - SF/PF),1,OKC (Tue 7:00PM),2nd,OKC -9.5,223,107,25,147,122,12.1,"$3,700",$306
Jevon Carter (ORL - PG/SG),1,OKC (Tue 7:00PM),1st,OKC -9.5,223,107,42,129,87,11.9,"$4,100",$344
Jaden Hardy (WAS - SG),1,DET (Tue 7:00PM),5th,DET -17.5,233.5,108,28,134,106,11.5,"$4,000",$348
Paul Reed (DET - C),2,@WAS (Tue 7:00PM),30th,DET -17.5,233.5,125.5,24,146,122,11.2,"$3,800",$339
Nae'Qwan Tomlin (CLE - PF),2,@MIL (Tue 8:00PM),26th,-CLE 10.5,228.5,119.5,31,188,157,10.3,"$3,200",$312
"Rayan Rupert (MEM - SF/PF)
DTD",4,@CHI (Mon 8:00PM),19th,CHI -7,243.5,118.5,25,115,90,9.3,"$4,600.00",$492.00
Khaman Maluach (PHO - C),3,@BOS (Mon 7:30PM),1st,BOS -8.5,214.5,103,31,188,157,9.2,"$3,100.00",$338.00
Hugo Gonzalez (BOS - SG/SF),2,PHO (Mon 7:30PM),2nd,BOS -8.5,214.5,111.5,32,191,159,8.2,"$3,100.00",$377.00
"Jordan Hawkins (NOR - SG/SF)
DTD",5,DAL (Mon 8:00PM),22nd,NOR -8.5,240.5,124.5,33,246,213,7.8,"$3,000.00",$385.00
Haywood Highsmith (PHO - SF),3,@BOS (Mon 7:30PM),1st,BOS -8.5,214.5,103,27,166,139,7.6,"$3,400.00",$446.00
"Micah Peavy (NOR - SF/PF)
DTD",5,DAL (Mon 8:00PM),16th,NOR -8.5,240.5,124.5,26,251,225,7.6,"$3,000.00",$393.00
Malachi Smith (BKN - PG),-,POR (Mon 7:30PM),21st,POR -10.5,221.5,105.5,45,258,213,7.0,"$3,000.00",$427.00
Moussa Cisse (DAL - C),10,@NOR (Mon 8:00PM),24th,NOR -8.5,240.5,116,33,261,228,6.8,"$3,000.00",$441.00
Anthony Gill (WAS - C),2,GSW (Mon 7:00PM),21st,GSW -7.5,231.5,112,35,154,119,5.3,"$3,700.00",$697.00
Jahmai Mashack (MEM - SG/SF),3,@CHI (Mon 8:00PM),27th,CHI -7,243.5,118.5,35,98,63,5.1,"$4,900.00",$962.00
Leonard Miller (CHI - SF/PF),3,MEM (Mon 8:00PM),26th,CHI -7,243.5,125.5,29,130,101,4.6,"$4,300.00",$935.00
Gabe Vincent (ATL - PG),2,ORL (Mon 7:00PM),19th,ATL -3,231.5,117.5,49,184,135,3.6,"$3,200.00",$901.00
AJ Johnson (DAL - PG/SG),3,@NOR (Mon 8:00PM),17th,NOR -8.5,240.5,116,50,237,187,3.4,"$3,000.00",$875.00
Sharife Cooper (WAS - PG),2,GSW (Mon 7:00PM),16th,GSW -7.5,231.5,112,51,174,123,3.2,"$3,300.00",$1039.00
"Ochai Agbaji (BKN - SG/SF)
DTD",7,POR (Mon 7:30PM),20th,POR -10.5,221.5,105.5,36,178,142,2.8,"$3,300.00",$1200.00
Jalen Wilson (BKN - SF),4,POR (Mon 7:30PM),27th,POR -10.5,221.5,105.5,30,162,132,2.7,"$3,500.00",$1308.00
Lachlan Olbrich (CHI - C),3,MEM (Mon 8:00PM),22nd,CHI -7,243.5,125.5,36,263,227,1.8,"$3,000.00",$1667.00
Yuki Kawamura (CHI - PG),3,MEM (Mon 8:00PM),20th,CHI -7,243.5,125.5,53,231,178,1.5,"$3,000.00",$1940.00
"Seth Curry (GSW - PG/SG)
DTD",3,@WAS (Mon 7:00PM),25th,GSW -7.5,231.5,119.5,54,194,140,0.9,"$3,000.00",$0.00
"Trey Alexander (NOR - PG/SG)
DTD",66,DAL (Mon 8:00PM),27th,NOR -8.5,240.5,124.5,57,233,176,0.5,"$3,000.00",$0.00
"Jimmy Butler III (GSW - PF)
OUT",56,@WAS (Mon 7:00PM),30th,GSW -7.5,231.5,119.5,41,242,201,0.0,"$3,000.00",$0.00
Taj Gibson (MEM - C),3,@CHI (Mon 8:00PM),28th,CHI -7,243.5,118.5,58,179,121,0.0,"$3,300.00",$0.00
"Kyrie Irving (DAL - PG)
OUT",-,@NOR (Mon 8:00PM),17th,NOR -8.5,240.5,116,61,201,140,0.0,"$3,000.00",$0.00
"Stephen Curry (GSW - PG)
OUT",45,@WAS (Mon 7:00PM),25th,GSW -7.5,231.5,119.5,74,7,-67,0.0,"$9,300.00",$0.00
"Nikola Vucevic (BOS - C)
OUT",10,PHO (Mon 7:30PM),15th,BOS -8.5,214.5,111.5,40,63,23,0.0,"$5,900.00",$0.00
"Anthony Davis (WAS - C)
OUT",67,GSW (Mon 7:00PM),21st,GSW -7.5,231.5,112,41,21,-20,0.0,"$8,000.00",$0.00
"Damian Lillard (POR - PG)
OUT",-,@BKN (Mon 7:30PM),9th,POR -10.5,221.5,116,64,197,133,0.0,"$3,000.00",$0.00
"Kentavious Caldwell-Pope (MEM - SG)
OUT",33,@CHI (Mon 8:00PM),27th,CHI -7,243.5,118.5,50,193,143,0.0,"$3,000.00",$0.00
"D'Angelo Russell (WAS - PG)
OUT",65,GSW (Mon 7:00PM),16th,GSW -7.5,231.5,112,65,195,130,0.0,"$3,000.00",$0.00
Buddy Hield (ATL - SG/SF),35,ORL (Mon 7:00PM),6th,ATL -3,231.5,117.5,39,260,221,0.0,"$3,000.00",$0.00
"Jonathan Isaac (ORL - PF/C)
OUT",4,@ATL (Mon 7:00PM),22nd,ATL -3,231.5,114.5,47,186,139,0.0,"$3,200.00",$0.00
"Zach Collins (CHI - C)
OUT",79,MEM (Mon 8:00PM),22nd,CHI -7,243.5,125.5,43,235,192,0.0,"$3,000.00",$0.00
"Dillon Brooks (PHO - PF)
OUT",23,@BOS (Mon 7:30PM),3rd,BOS -8.5,214.5,103,46,44,-2,0.0,"$6,800.00",$0.00
"Michael Porter Jr. (BKN - SF)
OUT",6,POR (Mon 7:30PM),27th,POR -10.5,221.5,105.5,45,19,-26,0.0,"$8,200.00",$0.00
"Anfernee Simons (CHI - SG)
OUT",23,MEM (Mon 8:00PM),23rd,CHI -7,243.5,125.5,40,72,32,0.0,"$5,700.00",$0.00
"Ja Morant (MEM - PG)
OUT",54,@CHI (Mon 8:00PM),18th,CHI -7,243.5,118.5,66,17,-49,0.0,"$8,400.00",$0.00
Goga Bitadze (ORL - C),4,@ATL (Mon 7:00PM),17th,ATL -3,231.5,114.5,44,148,104,0.0,"$3,800.00",$0.00
"Brandon Clarke (MEM - C)
OUT",86,@CHI (Mon 8:00PM),28th,CHI -7,243.5,118.5,45,236,191,0.0,"$3,000.00",$0.00
"Terance Mann (BKN - SG)
OUT",2,POR (Mon 7:30PM),20th,POR -10.5,221.5,105.5,41,150,109,0.0,"$3,700.00",$0.00
"Amir Coffey (PHO - PF)
DTD",4,@BOS (Mon 7:30PM),3rd,BOS -8.5,214.5,103,45,202,157,0.0,"$3,000.00",$0.00
"Isaac Okoro (CHI - SF)
OUT",8,MEM (Mon 8:00PM),26th,CHI -7,243.5,125.5,35,137,102,0.0,"$4,100.00",$0.00
"Patrick Williams (CHI - PF)
OUT",3,MEM (Mon 8:00PM),21st,CHI -7,243.5,125.5,44,163,119,0.0,"$3,500.00",$0.00
"DeJon Jarreau (MEM - PG)
TEN-DAY",3,@CHI (Mon 8:00PM),18th,CHI -7,243.5,118.5,67,127,60,0.0,"$4,300.00",$0.00
Isaiah Livers (PHO - PF),4,@BOS (Mon 7:30PM),3rd,BOS -8.5,214.5,103,43,212,169,0.0,"$3,000.00",$0.00
"Franz Wagner (ORL - SF)
OUT",33,@ATL (Mon 7:00PM),28th,ATL -3,231.5,114.5,36,29,-7,0.0,"$7,600.00",$0.00
"Day'Ron Sharpe (BKN - C)
OUT",7,POR (Mon 7:30PM),27th,POR -10.5,221.5,105.5,46,222,176,0.0,"$3,000.00",$0.00
"Santi Aldama (MEM - C)
OUT",40,@CHI (Mon 8:00PM),28th,CHI -7,243.5,118.5,39,67,28,0.0,"$5,800.00",$0.00
Blake Wesley (POR - PG/SG),3,@BKN (Mon 7:30PM),9th,POR -10.5,221.5,116,68,234,166,0.0,"$3,000.00",$0.00
"Bryce McGowens (NOR - SG/SF)
OUT",8,DAL (Mon 8:00PM),22nd,NOR -8.5,240.5,124.5,44,171,127,0.0,"$3,400.00",$0.00
"Caleb Love (POR - PG/SG)
G-League",32,@BKN (Mon 7:30PM),9th,POR -10.5,221.5,116,69,221,152,0.0,"$3,000.00",$0.00
Christian Koloko (ATL - C),2,ORL (Mon 7:00PM),10th,ATL -3,231.5,117.5,49,238,189,0.0,"$3,000.00",$0.00
"Jaden Ivey (CHI - SG/SF)
OUT",33,MEM (Mon 8:00PM),23rd,CHI -7,243.5,125.5,45,96,51,0.0,"$5,000.00",$0.00
Jamaree Bouyea (PHO - PG),4,@BOS (Mon 7:30PM),7th,BOS -8.5,214.5,103,70,239,169,0.0,"$3,000.00",$0.00
"Mark Williams (PHO - C)
OUT",13,@BOS (Mon 7:30PM),1st,BOS -8.5,214.5,103,50,82,32,0.0,"$5,300.00",$0.00
"Shaedon Sharpe (POR - SG)
OUT",38,@BKN (Mon 7:30PM),21st,POR -10.5,221.5,116,46,38,-8,0.0,"$7,200.00",$0.00
Tyler Burton (MEM - PF),3,@CHI (Mon 8:00PM),28th,CHI -7,243.5,118.5,42,180,138,0.0,"$3,300.00",$0.00
"Zach Edey (MEM - C)
OUT",99,@CHI (Mon 8:00PM),28th,CHI -7,243.5,118.5,55,243,188,0.0,"$3,000.00",$0.00
Ron Harper Jr. (BOS - SF/PF),2,PHO (Mon 7:30PM),13th,BOS -8.5,214.5,111.5,37,185,148,0.0,"$3,200.00",$0.00
"Scotty Pippen Jr. (MEM - SG)
OUT",9,@CHI (Mon 8:00PM),27th,CHI -7,243.5,118.5,49,245,196,0.0,"$3,000.00",$0.00
"Caleb Houstan (ATL - SF/PF)
G-League",2,ORL (Mon 7:00PM),21st,ATL -3,231.5,117.5,39,247,208,0.0,"$3,000.00",$0.00
Keaton Wallace (ATL - PG),2,ORL (Mon 7:00PM),19th,ATL -3,231.5,117.5,63,219,156,0.0,"$3,000.00",$0.00
"Alex Morales (ORL - PG)
TWO-WAY",-,@ATL (Mon 7:00PM),23rd,ATL -3,231.5,114.5,71,259,188,0.0,"$3,000.00",$0.00
Nate Williams (GSW - SF),1,@WAS (Mon 7:00PM),29th,GSW -7.5,231.5,119.5,46,153,107,0.0,"$3,700.00",$0.00
"Anthony Black (ORL - PG/SG)
OUT",9,@ATL (Mon 7:00PM),23rd,ATL -3,231.5,114.5,73,52,-21,0.0,"$6,400.00",$0.00
"Cam Whitmore (WAS - SF)
OUT",102,GSW (Mon 7:00PM),3rd,GSW -7.5,231.5,112,42,249,207,0.0,"$3,000.00",$0.00
"Dereck Lively II (DAL - C)
OUT",115,@NOR (Mon 8:00PM),24th,NOR -8.5,240.5,116,56,248,192,0.0,"$3,000.00",$0.00
Mouhamed Gueye (ATL - PF/C),2,ORL (Mon 7:00PM),5th,ATL -3,231.5,117.5,48,190,142,0.0,"$3,100.00",$0.00
"Noah Clowney (BKN - PF)
OUT",2,POR (Mon 7:30PM),16th,POR -10.5,221.5,105.5,40,85,45,0.0,"$5,200.00",$0.00
Jordan Walsh (BOS - SF/PF),4,PHO (Mon 7:30PM),13th,BOS -8.5,214.5,111.5,44,244,200,0.0,"$3,000.00",$0.00
"Leaky Black (WAS - SF/PF)
OUT",4,GSW (Mon 7:00PM),3rd,GSW -7.5,231.5,112,40,158,118,0.0,"$3,600.00",$0.00
"Colin Castleton (ORL - C)
TWO-WAY",-,@ATL (Mon 7:00PM),17th,ATL -3,231.5,114.5,57,241,184,0.0,"$3,000.00",$0.00
"Tyler Smith (DAL - C)
TWO-WAY",3,@NOR (Mon 8:00PM),24th,NOR -8.5,240.5,116,38,240,202,0.0,"$3,000.00",$0.00
"Kyshawn George (WAS - SG)
OUT",14,GSW (Mon 7:00PM),16th,GSW -7.5,231.5,112,43,53,10,0.0,"$6,400.00",$0.00
"Ryan Dunn (PHO - SF/PF)
DTD",4,@BOS (Mon 7:30PM),1st,BOS -8.5,214.5,103,38,183,145,0.0,"$3,300.00",$0.00
"Alex Sarr (WAS - C)
OUT",2,GSW (Mon 7:00PM),21st,GSW -7.5,231.5,112,48,46,-2,0.0,"$6,800.00",$0.00
"RayJ Dennis (ATL - PG)
G-League",2,ORL (Mon 7:00PM),19th,ATL -3,231.5,117.5,75,232,157,0.0,"$3,000.00",$0.00
Malevy Leons (GSW - PF),1,@WAS (Mon 7:00PM),30th,GSW -7.5,231.5,119.5,38,167,129,0.0,"$3,400.00",$0.00
"Egor Demin (BKN - PG)
OUT",17,POR (Mon 7:30PM),21st,POR -10.5,221.5,105.5,76,230,154,0.0,"$3,000.00",$0.00
"Asa Newell (ATL - PF/C)
G-League",18,ORL (Mon 7:00PM),5th,ATL -3,231.5,117.5,37,229,192,0.0,"$3,000.00",$0.00
Jase Richardson (ORL - PG/SG),13,@ATL (Mon 7:00PM),23rd,ATL -3,231.5,114.5,77,228,151,0.0,"$3,000.00",$0.00
"Noa Essengue (CHI - SF)
G-League",112,MEM (Mon 8:00PM),26th,CHI -7,243.5,125.5,43,227,184,0.0,"$3,000.00",$0.00
"Yang Hansen (POR - C)
OUT",3,@BKN (Mon 7:30PM),20th,POR -10.5,221.5,116,54,226,172,0.0,"$3,000.00",$0.00
Amari Williams (BOS - C),2,PHO (Mon 7:30PM),15th,BOS -8.5,214.5,111.5,53,225,172,0.0,"$3,000.00",$0.00
Koby Brea (PHO - SG),20,@BOS (Mon 7:30PM),1st,BOS -8.5,214.5,103,51,224,173,0.0,"$3,000.00",$0.00
Max Shulga (BOS - PG),2,PHO (Mon 7:30PM),5th,BOS -8.5,214.5,111.5,78,223,145,0.0,"$3,000.00",$0.00
John Tonje (BOS - SF),14,PHO (Mon 7:30PM),13th,BOS -8.5,214.5,111.5,41,250,209,0.0,"$3,000.00",$0.00
Hunter Dickinson (NOR - C),145,DAL (Mon 8:00PM),29th,NOR -8.5,240.5,124.5,52,255,203,0.0,"$3,000.00",$0.00
"CJ Huntley (PHO - C)
TWO-WAY",-,@BOS (Mon 7:30PM),1st,BOS -8.5,214.5,103,51,262,211,0.0,"$3,000.00",$0.00
"LJ Cryer (GSW - PG)
G-League",1,@WAS (Mon 7:00PM),25th,GSW -7.5,231.5,119.5,79,149,70,0.0,"$3,800.00",$0.00
Chris Youngblood (POR - SG),40,@BKN (Mon 7:30PM),21st,POR -10.5,221.5,116,48,257,209,0.0,"$3,000.00",$0.00
Keshon Gilbert (ATL - PG),33,ORL (Mon 7:00PM),19th,ATL -3,231.5,117.5,72,256,184,0.0,"$3,000.00",$0.00
"John Poulakidas (DAL - SG/SF)
TWO-WAY",1,@NOR (Mon 8:00PM),29th,NOR -8.5,240.5,116,47,254,207,0.0,"$3,000.00",$0.00
"Jayson Kent (POR - PF)
TWO-WAY",-,@BKN (Mon 7:30PM),20th,POR -10.5,221.5,116,35,252,217,0.0,"$3,000.00",$0.00
"Josh Oduro (NOR - PF)
TWO-WAY",-,DAL (Mon 8:00PM),17th,NOR -8.5,240.5,124.5,36,253,217,0.0,"$3,000.00",$0.00